1,Unlocking the secrets of academic success one paper at a time.
2,Your research our expertise -> the perfect match!
3,Let us be your research compass.
4,Turning ideas into groundbreaking research.
5,Research made easy with our expert guidance.
6,From ideas to citations we've got you covered.
7,Elevate your research game with our consulting services.
8,Your academic journey our professional guidance.
9,Excel in your studies with our research support.
10,Where research dreams become reality.
11,We breathe life into your research projects.
12,Navigate the academic world with confidence.
13,Your research our passion.
14,Research excellence starts here.
15,Empowering scholars one project at a time.
16,We turn research challenges into opportunities.
17,Charting the course to academic success.
18,Innovation through research consultation.
19,Your academic partner for success.
20,Creating knowledge one study at a time.
21,Pioneering research solutions for you.
22,Discover new horizons in academia.
23,Your ideas our expertise -> a winning combination.
24,Research made simpler results made greater.
25,Transforming data into meaningful insights.
26,Research support that takes you to the top.
27,Empowering researchers to make a difference.
28,Bringing clarity to complex research projects.
29,We make research a breeze.
30,Fueling your academic journey with expertise.
31,Your research our commitment.
32,Quality research starts with us.
33,Unleash your academic potential with us.
34,Your academic success is our mission.
35,Creating research magic every day.
36,We turn ideas into academic achievements.
37,Solving research puzzles one project at a time.
38,Inspiring academic excellence through consultation.
39,Your research matters; let's make it shine.
40,From concept to publication we're with you.
41,Elevate your research game with us.
42,Empowering researchers to change the world.
43,Research insights for a brighter future.
44,Innovation begins with a great research partner.
45,We craft success stories through research.
46,Your vision our guidance.
47,Unlocking the potential of your research.
48,Achieve academic excellence with our help.
49,Together we conquer research challenges.
50,Your research journey starts here.
51,Where research meets expertise.
52,We're your academic research superheroes.
53,Turning research ideas into realities.
54,Creating a world of knowledge one study at a time.
55,Let us be your research compass in academia.
56,Empowering you to make an impact through research.
57,From data to discovery -> we've got you covered.
58,Your research our dedication.
59,Fueling academic progress through research.
60,Join us on the path to research excellence.
